item_name,colder_sales,warmer_sales
Americano,0.0625,-0.3077
"Apple Juice",0.2500,0.0000
"Au Lait, Unknown",-0.2000,0.5000
"Cappuccino, Unknown",-0.7143,0.7222
"Cascara Fizz",0.0000,0.1429
"Chemex Coffee",-0.0909,-0.2727
"Drip Coffee",1.6154,0.8462
Espresso,0.1429,-0.2222
Gibraltar,0.8571,0.0000
"Hot Chocolate",-1.4000,1.0000
Latte,0.5862,-0.1154
Macchiato,0.2000,0.2500
Mocha,-0.2500,-0.7333
"New Orleans Iced Coffee (cup)",0.1176,0.0000
"NOLA Carton",1.8333,-0.1250
"S.O. Iced - 4 oz Oji",1.0000,-0.5000
"S.O. Iced Coffee",-0.3750,0.1111
"Sparkling Water",0.2000,0.0000
"Still Water",-3.0000,-0.3333
Tea,0.0000,-0.2500
