temp,item_name,total_sales
36,Latte,5
37,"Drip Coffee",4
38,"Drip Coffee",3
38,Latte,3
39,Latte,4
40,"Drip Coffee",2
40,"Cappuccino, Unknown",2
40,Latte,2
41,Latte,5
42,Latte,6
43,"Cappuccino, Unknown",8
44,Latte,5
45,"Drip Coffee",22
46,"Drip Coffee",21
47,"Drip Coffee",12
48,"Cappuccino, Unknown",28
48,"Drip Coffee",28
49,"Cappuccino, Unknown",18
50,Latte,29
51,Latte,46
52,Latte,29
53,"Drip Coffee",57
54,Latte,76
55,Latte,76
56,Latte,85
57,Latte,125
58,Latte,126
59,"Drip Coffee",104
60,Latte,123
61,Latte,112
62,"Drip Coffee",88
63,"New Orleans Iced Coffee (cup)",125
64,Latte,67
65,"New Orleans Iced Coffee (cup)",91
66,"New Orleans Iced Coffee (cup)",76
67,"New Orleans Iced Coffee (cup)",82
68,"New Orleans Iced Coffee (cup)",87
69,"New Orleans Iced Coffee (cup)",78
70,"New Orleans Iced Coffee (cup)",79
71,"New Orleans Iced Coffee (cup)",66
72,"New Orleans Iced Coffee (cup)",43
73,"New Orleans Iced Coffee (cup)",58
74,"New Orleans Iced Coffee (cup)",40
75,"New Orleans Iced Coffee (cup)",32
76,"New Orleans Iced Coffee (cup)",36
77,"New Orleans Iced Coffee (cup)",21
78,"New Orleans Iced Coffee (cup)",32
79,"New Orleans Iced Coffee (cup)",18
80,"New Orleans Iced Coffee (cup)",16
81,"New Orleans Iced Coffee (cup)",20
82,"New Orleans Iced Coffee (cup)",18
83,"New Orleans Iced Coffee (cup)",11
84,"New Orleans Iced Coffee (cup)",10
85,"New Orleans Iced Coffee (cup)",9
86,"New Orleans Iced Coffee (cup)",10
87,"New Orleans Iced Coffee (cup)",7
88,"New Orleans Iced Coffee (cup)",10
89,"New Orleans Iced Coffee (cup)",4
90,"Cappuccino, Unknown",5
90,"New Orleans Iced Coffee (cup)",5
91,"Drip Coffee",5
92,"NOLA Carton",6
93,"NOLA Carton",2
95,"S.O. Iced Coffee",3
